{
  "平均个体内BMI_Y相关性": 0.5936408765427932,
  "相关性标准差": 0.5997466866699073,
  "相关性中位数": 0.9486832980505139,
  "有效样本数": 248,
  "t统计量": 15.587690737192577,
  "p值": 1.3097124298817516e-38,
  "95%置信区间下限": 0.5186301613938008,
  "95%置信区间上限": 0.6686515916917856,
  "正相关比例": 0.8266129032258065,
  "BMI变化情况": {
    "单次检测": 7,
    "多次检测但BMI无变化": 12,
    "多次检测且BMI有变化": 248
  }
}