{
  "平均个体内相关性": 0.6859579110698808,
  "相关性标准差": 0.5297673811649621,
  "相关性中位数": 1.0,
  "有效样本数": 258,
  "t统计量": 20.798025564987157,
  "p值": 5.210659908517067e-57,
  "95%置信区间下限": 0.6210087631281387,
  "95%置信区间上限": 0.7509070590116229,
  "总体混合相关性": 0.13358780544196655,
  "总体混合p值": 1.2906707094567121e-05,
  "正相关比例": 0.8682170542635659,
  "显著正相关比例": 0.5789473684210527
}