{
  "置信区间分析": {
    "0": {
      "样本数": 230,
      "平均达标时间": 13.451552795031057,
      "标准差": 2.4503090825351563,
      "t分布置信区间": [
        13.133201703220658,
        13.769903886841456
      ],
      "Bootstrap置信区间": [
        13.150900621118016,
        13.818183229813664
      ],
      "置信区间宽度": 0.6367021836207982
    },
    "1": {
      "样本数": 11,
      "平均达标时间": 12.532467532467534,
      "标准差": 0.7314813292661234,
      "t分布置信区间": [
        12.041051688877292,
        13.023883376057775
      ],
      "Bootstrap置信区间": [
        12.129545454545454,
        12.961038961038962
      ],
      "置信区间宽度": 0.9828316871804823
    },
    "2": {
      "样本数": 19,
      "平均达标时间": 16.39097744360902,
      "标准差": 4.306258195826489,
      "t分布置信区间": [
        14.315427431607297,
        18.466527455610745
      ],
      "Bootstrap置信区间": [
        14.593796992481204,
        18.24812030075188
      ],
      "置信区间宽度": 4.151100024003448
    }
  },
  "稳定性分析": {
    "0.1": {
      "ARI均值": 0.8339297909888674,
      "ARI标准差": 0.09814550958442422,
      "稳定性比例": 0.98,
      "有效模拟数": 100
    },
    "0.2": {
      "ARI均值": 0.6997217844768894,
      "ARI标准差": 0.10265600672889576,
      "稳定性比例": 0.94,
      "有效模拟数": 100
    },
    "0.5": {
      "ARI均值": 0.35670939801814616,
      "ARI标准差": 0.061761929110841156,
      "稳定性比例": 0.02,
      "有效模拟数": 100
    }
  },
  "分析参数": {
    "最优聚类数": 5,
    "置信水平": 0.95,
    "模拟次数": 100
  },
  "主要结论": {
    "置信区间": "为每组达标时间提供不确定性量化",
    "稳定性": "在20%噪声下仍保持0.700的一致性",
    "质量控制建议": [
      "BMI测量精度应控制在±0.3以内",
      "孕周估计误差应控制在±0.5周以内",
      "定期验证聚类模型稳定性",
      "在10%噪声下有98%样本保持稳定分组"
    ]
  }
}