组别,BMI范围,样本量,平均BMI,平均达标时间,最佳检测时点,最小风险评分
组0,"[20.7, 35.1]",230,31.04381018613121,13.451552795031057,12.5,3.1277319034637947
组1,"[35.2, 35.9]",11,35.573993202519745,12.532467532467534,12.5,0.7224881470885064
组2,"[36.3, 45.0]",19,38.39411186811201,16.39097744360902,14.0,9.762915888834554
