{
  "分析方法": "数据驱动BMI分组（集成高级建模技术）",
  "最佳分组方法": "BMI贝叶斯分段",
  "肘部法K值": 2,
  "轮廓系数最优K值": 2,
  "最终选择K值": 5,
  "二维聚类轮廓系数": 0.1374187532528124,
  "分组数量": 3,
  "各组最佳时点": {
    "0": 12.5,
    "1": 12.5,
    "2": 14.0
  },
  "统计显著性": "F检验 p=0.000007",
  "样本量": 260,
  "样条模型R²": 0.0,
  "贝叶斯最优分段数": 3,
  "贝叶斯切点": [
    35.10025735359777,
    36.079900546545794
  ],
  "贝叶斯分段显著性": "p=0.000007",
  "K折验证最佳R²": -0.29857800729076117,
  "最佳K值": 5,
  "特征重要性": {
    "孕妇BMI": 0.037324087740773844,
    "年龄": 0.0,
    "BMI_平方": 0.0,
    "BMI_立方": 0.40867650866414534,
    "BMI_平方根": 0.0,
    "BMI_立方根": 0.0,
    "BMI_对数": 0.10230560893948103,
    "BMI_正常": 0.0,
    "BMI_超重": 0.0,
    "BMI_肥胖1度": 0.0,
    "BMI_肥胖2度": 0.0,
    "年龄_平方": 0.0052275410586418,
    "年龄_年轻": 0.0,
    "年龄_中年": 0.0,
    "年龄_高龄": 0.0,
    "BMI_年龄交互": 0.23944294443040892,
    "BMI平方_年龄": 0.20702330916654904
  }
}