{
  "平均个体内BMI_Y相关性": 0.5883035745235597,
  "相关性标准差": 0.5949179404416843,
  "相关性中位数": 0.9486832980505139,
  "有效样本数": 248,
  "t统计量": 15.572927502131286,
  "p值": 1.4715036083184724e-38,
  "95%置信区间下限": 0.513896793862081,
  "95%置信区间上限": 0.6627103551850385,
  "正相关比例": 0.8104838709677419,
  "BMI变化情况": {
    "单次检测": 7,
    "多次检测但BMI无变化": 12,
    "多次检测且BMI有变化": 248
  }
}