{
  "平均个体内相关性": 0.6790209657461361,
  "相关性标准差": 0.5321559439944711,
  "相关性中位数": 1.0,
  "有效样本数": 259,
  "t统计量": 20.534973586124597,
  "p值": 3.3852606093535126e-56,
  "95%置信区间下限": 0.61390624712131,
  "95%置信区间上限": 0.7441356843709622,
  "总体混合相关性": 0.0966153740496859,
  "总体混合p值": 0.002007684724375944,
  "正相关比例": 0.8687258687258688,
  "显著正相关比例": 0.564
}